{"cameraMode":{"drawMode":0,"name":"Shaded","section":"Shading Mode"},"sceneLighting":true,"audioPlay":false,"sceneViewState":{"m_AlwaysRefresh":false,"showFog":true,"showSkybox":true,"showFlares":true,"showImageEffects":true,"showParticleSystems":true,"showVisualEffectGraphs":true,"m_FxEnabled":true},"in2DMode":false,"pivot":{"x":13.742560386657715,"y":4.749518394470215,"z":-6.866861343383789},"rotation":{"x":0.0028286909218877556,"y":0.9942463040351868,"z":-0.10358470678329468,"w":0.027150750160217286},"size":12.917437553405762,"orthographic":false}